Hull,Boat Name,Yacht Club,Paid 2025,Payment Date,Payment Method,Amount,Contact Email,Notes
10,Zamboni,,NO,,,,,
37,Windependence,BHSC,NO,,,,,
72,Highlander,EYC,NO,,,,,
77,Dark N Stormy,EYC,NO,,,,,
91,Trio,EYC,NO,,,,,
118,Relentless,NCYC,NO,,,,,
123,Good Lookin,,NO,,,,,
144,Fall Line,EYC,YES,2025-09-15,Venmo,$150,,
145,Kashmir,NCYC,YES,2025-09-20,Online,$150,,
148,Wish,GRSC,NO,,,,,
208,Sling Shot,EYC,NO,,,,,
246,Mr. Krabs,BHSC,YES,2025-09-22,Check,$150,,
261,Unbridled,EYC,YES,2025-09-25,Venmo,$150,,
376,Whistler,NCYC,YES,2025-09-28,Venmo,$150,,
393,Ovation,EYC,NO,,,,,
423,Southbound,SSC,NO,,,,,
618,Wrecking Crew,BHSC,NO,,,,,
638,Osprey,BHSC,NO,,,,,
656,Aurora,BYC,NO,,,,,
677,MYOURI II,BYC,NO,,,,,
